id;name;profile_picture;profile_picture_content_type
1;Isle;../fake-data/blob/hipster.png;image/png
2;Fantastic;../fake-data/blob/hipster.png;image/png
3;connecting Personal Loan Account;../fake-data/blob/hipster.png;image/png
4;payment Montserrat;../fake-data/blob/hipster.png;image/png
5;backing up Rue;../fake-data/blob/hipster.png;image/png
6;bypass withdrawal;../fake-data/blob/hipster.png;image/png
7;Frozen;../fake-data/blob/hipster.png;image/png
8;monitor teal Auto Loan Account;../fake-data/blob/hipster.png;image/png
9;Handcrafted Executive matrix;../fake-data/blob/hipster.png;image/png
10;content optical;../fake-data/blob/hipster.png;image/png
