id;title;address;description;telephone_long
1;Secured Soft Universal;Direct;iterate;moderator leading-edge
2;Strategist multi-state Dynamic;Florida;Ergonomic turquoise;copy Principal
3;protocol overriding;digital;invoice revolutionize Louisiana;digital
4;magenta;Incredible;bypass;Freeway
5;mobile;Intelligent calculating transmitter;SCSI benchmark;Gorgeous Soft Gloves Planner Rubber
6;Human;interface Data;deposit;Granite
7;turn-key deposit;Clothing Dynamic mobile;Money Market Account;Incredible Soft Pants Hat invoice
8;definition;cultivate Generic Advanced;Internal Pizza Berkshire;Concrete
9;web-enabled Ergonomic Concrete Keyboard;Way Generic;invoice Barbados Dollar;Identity initiatives input
10;Berkshire Small override;Accountability Total;Comoros conglomeration cutting-edge;Table Automotive
