id;first_name;last_name;address;experience_in_years;about_me;profile_picture;profile_picture_content_type;telephone_long
1;Braeden;West;Steel;19075;Licensed Metal Soap Canada;../fake-data/blob/hipster.png;image/png;Marketing
2;Jerod;Beatty;Sleek Extension;28524;XML withdrawal;../fake-data/blob/hipster.png;image/png;Branding
3;Estell;Brown;orange Ergonomic Fresh Bike Ball;60963;back up;../fake-data/blob/hipster.png;image/png;Devolved tangible
4;Norris;Cummings;static;9683;calculating synergize;../fake-data/blob/hipster.png;image/png;deliverables proactive
5;Susan;Runte;architect navigating Gorgeous;94565;Garden tan;../fake-data/blob/hipster.png;image/png;disintermediate local
6;Aurore;Rowe;Idaho invoice;86771;Security;../fake-data/blob/hipster.png;image/png;French Guiana Ergonomic
7;Samantha;Barton;Shoes;79782;syndicate;../fake-data/blob/hipster.png;image/png;panel Berkshire Associate
8;Althea;Turcotte;Concrete contingency;1602;optical Personal Loan Account;../fake-data/blob/hipster.png;image/png;system
9;Malika;White;Computers;36063;Mayotte;../fake-data/blob/hipster.png;image/png;Armenian Dram Shirt
10;Rolando;Bosco;Shoes pixel;84434;heuristic algorithm Buckinghamshire;../fake-data/blob/hipster.png;image/png;navigate bypassing Metrics
